page_spanning_verse,page link
,327B
בְּנֵ֥י עֲנָ֖ה דִּישׁ֑וֹן וּבְנֵ֣י דִישׁ֔וֹן חַמְרָ֥ן 'אאא' וְאֶשְׁבָּ֖ן וְיִתְרָ֥ן וּכְרָֽן׃,328A
וַיִּקַּ֣ח גְּשֽׁוּר־וַ֠אֲרָם אֶת־חַוֺּ֨ת יָאִ֧יר מֵאִתָּ֛ם 'אאא' אֶת־קְנָ֥ת וְאֶת־בְּנֹתֶ֖יהָ שִׁשִּׁ֣ים עִ֑יר כָּל־אֵ֕לֶּה בְּנֵ֖י מָכִ֥יר אֲבִי־גִלְעָֽד׃,328B
,329A
וְאֶשְׁתּ֗וֹן הוֹלִ֞יד 'אאא' אֶת־בֵּ֤ית רָפָא֙ וְאֶת־פָּסֵ֔חַ וְאֶת־תְּחִנָּ֖ה אֲבִ֣י עִ֣יר נָחָ֑שׁ אֵ֖לֶּה אַנְשֵׁ֥י רֵכָֽה׃,329B
וַיָּבֹ֡אוּ אֵלֶּה֩ הַכְּתוּבִ֨ים בְּשֵׁמ֜וֹת בִּימֵ֣י ׀ יְחִזְקִיָּ֣הוּ מֶֽלֶךְ־יְהוּדָ֗ה וַיַּכּ֨וּ אֶת־אָהֳלֵיהֶ֜ם וְאֶת־הַמְּעוּנִ֨ים אֲשֶׁ֤ר נִמְצְאוּ־שָׁ֙מָּה֙ וַיַּחֲרִימֻם֙ עַד־הַיּ֣וֹם הַזֶּ֔ה וַיֵּשְׁב֖וּ תַּחְתֵּיהֶ֑ם כִּֽי־ 'אאא' מִרְעֶ֥ה לְצֹאנָ֖ם שָֽׁם׃,330A
וְאֵ֖לֶּה רָאשֵׁ֣י בֵית־אֲבוֹתָ֑ם וְעֵ֡פֶר וְיִשְׁעִ֡י וֶאֱלִיאֵ֡ל וְ֠עַזְרִיאֵל וְיִרְמְיָ֨ה וְהוֹדַוְיָ֜ה וְיַחְדִּיאֵ֗ל 'אאא' אֲנָשִׁים֙ גִּבּ֣וֹרֵי חַ֔יִל אַנְשֵׁ֣י שֵׁמ֔וֹת רָאשִׁ֖ים לְבֵ֥ית אֲבוֹתָֽם׃,330B
,331A
וּמִֽמִּשְׁפְּח֖וֹת בְּנֵ֣י קְהָ֑ת 'אאא' וַיְהִי֙ עָרֵ֣י גְבוּלָ֔ם מִמַּטֵּ֖ה אֶפְרָֽיִם׃,331B
,332A
וַאֲבִישׁ֥וּעַ 'אאא' וְנַעֲמָ֖ן וַאֲחֽוֹחַ׃,332B
,333A
וְאֵ֣לֶּה הַ֠מְשֹׁרְרִים 'אאא' רָאשֵׁ֨י אָב֧וֹת לַלְוִיִּ֛ם בַּלְּשָׁכֹ֖ת פְּטוּרִ֑ים כִּֽי־יוֹמָ֥ם וָלַ֛יְלָה עֲלֵיהֶ֖ם בַּמְּלָאכָֽה׃,333B
וְלֹֽא־דָרַ֥שׁ בַּֽיהוָ֖ה וַיְמִיתֵ֑הוּ 'אאא' וַיַּסֵּב֙ אֶת־הַמְּלוּכָ֔ה לְדָוִ֖יד בֶּן־יִשָֽׁי׃,334A
,334B
אֶלְעוּזַ֤י 'אאא' וִירִימוֹת֙ וּבְעַלְיָ֣ה וּשְׁמַרְיָ֔הוּ וּשְׁפַטְיָ֖הוּ הַחֲרוּפִֽי׃,335A
וּמִן־בְּנֵ֣י אֶפְרַ֔יִם 'אאא' עֶשְׂרִ֥ים אֶ֖לֶף וּשְׁמוֹנֶ֣ה מֵא֑וֹת גִּבּ֣וֹרֵי חַ֔יִל אַנְשֵׁ֥י שֵׁמ֖וֹת לְבֵ֥ית אֲבוֹתָֽם׃,335B
וַיִּֽחַר־אַ֤ף יְהוָה֙ בְּעֻזָּ֔א וַיַּכֵּ֕הוּ עַ֛ל אֲשֶׁר־שָׁלַ֥ח יָד֖וֹ עַל־הָאָר֑וֹן וַיָּ֥מָת שָׁ֖ם לִפְנֵ֥י 'אאא' אֱלֹהִֽים׃,336A
לִבְנֵ֖י גֵּרְשׁ֑וֹם יוֹאֵ֣ל 'אאא' הַשָּׂ֔ר וְאֶחָ֖יו מֵאָ֥ה וּשְׁלֹשִֽׁים׃,336B
וַיְהִ֗י אֲרוֹן֙ בְּרִ֣ית יְהוָ֔ה בָּ֖א עַד־עִ֣יר דָּוִ֑יד וּמִיכַ֨ל בַּת־שָׁא֜וּל נִשְׁקְפָ֣ה ׀ בְּעַ֣ד הַחַלּ֗וֹן וַתֵּ֨רֶא אֶת־הַמֶּ֤לֶךְ דָּוִיד֙ 'אאא' מְרַקֵּ֣ד וּמְשַׂחֵ֔ק וַתִּ֥בֶז ל֖וֹ בְּלִבָּֽהּ׃,337A
וְאִמְר֕וּ הוֹשִׁיעֵ֙נוּ֙ אֱלֹהֵ֣י יִשְׁעֵ֔נוּ וְקַבְּצֵ֥נוּ 'אאא' וְהַצִּילֵ֖נוּ מִן־הַגּוֹיִ֑ם לְהֹדוֹת֙ לְשֵׁ֣ם קָדְשֶׁ֔ךָ לְהִשְׁתַּבֵּ֖חַ בִּתְהִלָּתֶֽךָ׃,337B
,338A
,338B
חֲזַ֤ק 'אאא' וְנִֽתְחַזְּקָה֙ בְּעַד־עַמֵּ֔נוּ וּבְעַ֖ד עָרֵ֣י אֱלֹהֵ֑ינוּ וַֽיהוָ֔ה הַטּ֥וֹב בְּעֵינָ֖יו יַעֲשֶֽׂה׃,339A
וַיִּתֵּ֥ן יוֹאָ֛ב אֶת־מִסְפַּ֥ר מִפְקַד־הָעָ֖ם אֶל־דָּוִ֑יד וַיְהִ֣י כָֽל־יִשְׂרָאֵ֡ל אֶ֣לֶף 'אאא' אֲלָפִים֩ וּמֵאָ֨ה אֶ֤לֶף אִישׁ֙ שֹׁ֣לֵֽף חֶ֔רֶב וִֽיהוּדָ֕ה אַרְבַּע֩ מֵא֨וֹת וְשִׁבְעִ֥ים אֶ֛לֶף אִ֖ישׁ שֹׁ֥לֵֽף חָֽרֶב׃,339B
וַיִּבֶן֩ שָׁ֨ם דָּוִ֤יד מִזְבֵּ֙חַ֙ 'אאא' לַיהוָ֔ה וַיַּ֥עַל עֹל֖וֹת וּשְׁלָמִ֑ים וַיִּקְרָא֙ אֶל־יְהוָ֔ה וַיַּֽעֲנֵ֤הוּ בָאֵשׁ֙ מִן־הַשָּׁמַ֔יִם עַ֖ל מִזְבַּ֥ח הָעֹלָֽה׃,340A
עַתָּ֗ה 'אאא' תְּנ֤וּ לְבַבְכֶם֙ וְנַפְשְׁכֶ֔ם לִדְר֖וֹשׁ לַיהוָ֣ה אֱלֹהֵיכֶ֑ם וְק֗וּמוּ וּבְנוּ֙ אֶת־מִקְדַּשׁ֙ יְהוָ֣ה הֽ͏ָאֱלֹהִ֔ים לְהָבִ֞יא אֶת־אֲר֣וֹן בְּרִית־יְהוָ֗ה וּכְלֵי֙ קֹ֣דֶשׁ הָֽאֱלֹהִ֔ים לַבַּ֖יִת הַנִּבְנֶ֥ה לְשֵׁם־יְהוָֽה׃,340B
כִּ֣י מַעֲמָדָ֞ם לְיַד־בְּנֵ֣י אַהֲרֹ֗ן לַעֲבֹדַת֙ בֵּ֣ית יְהוָ֔ה עַל־הַחֲצֵרוֹת֙ וְעַל־ 'אאא' הַלְּשָׁכ֔וֹת וְעַֽל־טָהֳרַ֖ת לְכָל־קֹ֑דֶשׁ וּמֽ͏ַעֲשֵׂ֔ה עֲבֹדַ֖ת בֵּ֥ית הָאֱלֹהִֽים׃,341A
בְּנֵ֤י מְרָרִי֙ 'אאא' מַחְלִ֣י וּמוּשִׁ֔י בְּנֵ֖י יַעֲזִיָּ֥הֽוּ בְנֽוֹ׃,341B
לְשִׁשָּׁ֤ה עָשָׂר֙ לַחֲנַנְיָ֔הוּ 'אאא' בָּנָ֥יו וְאֶחָ֖יו שְׁנֵ֥ים עָשָֽׂר׃,342A
בְּנֵ֣י לַ֠עְדָּן בְּנֵ֨י הַגֵּרְשֻׁנִּ֜י לְלַעְדָּ֗ן רָאשֵׁ֧י הָאָב֛וֹת לְלַעְדָּ֥ן הַגֵּרְשֻׁנִּ֖י 'אאא' יְחִיאֵלִֽי׃,342B
הַשְּׁבִיעִי֙ לַחֹ֣דֶשׁ 'אאא' הַשְּׁבִיעִ֔י חֶ֥לֶץ הַפְּלוֹנִ֖י מִן־בְּנֵ֣י אֶפְרָ֑יִם וְעַל֙ מַחֲלֻקְתּ֔וֹ עֶשְׂרִ֥ים וְאַרְבָּעָ֖ה אָֽלֶף׃,343A
וְאַחֲרֵ֣י אֲחִיתֹ֗פֶל יְהוֹיָדָ֤ע בֶּן־בְּנָיָ֙הוּ֙ וְאֶבְיָתָ֔ר 'אאא' וְשַׂר־צָבָ֥א לַמֶּ֖לֶךְ יוֹאָֽב׃,343B
וּלְמִזְבַּ֧ח 'אאא' הַקְּטֹ֛רֶת זָהָ֥ב מְזֻקָּ֖ק בַּמִּשְׁקָ֑ל וּלְתַבְנִ֣ית הַמֶּרְכָּבָ֗ה הַכְּרֻבִ֤ים זָהָב֙ לְפֹ֣רְשִׂ֔ים וְסֹכְכִ֖ים עַל־אֲר֥וֹן בְּרִית־יְהוָֽה׃,344A
וְיָדַ֣עְתִּי 'אאא' אֱלֹהַ֔י כִּ֤י אַתָּה֙ בֹּחֵ֣ן לֵבָ֔ב וּמֵישָׁרִ֖ים תִּרְצֶ֑ה אֲנִ֗י בְּיֹ֤שֶׁר לְבָבִי֙ הִתְנַדַּ֣בְתִּי כָל־אֵ֔לֶּה וְעַתָּ֗ה עַמְּךָ֙ הַנִּמְצְאוּ־פֹ֔ה רָאִ֥יתִי בְשִׂמְחָ֖ה לְהִֽתְנַדֶּב־לָֽךְ׃,344B
,344B
בַּלַּ֣יְלָה הַה֔וּא 'אאא' נִרְאָ֥ה אֱלֹהִ֖ים לִשְׁלֹמֹ֑ה וַיֹּ֣אמֶר ל֔וֹ שְׁאַ֖ל מָ֥ה אֶתֶּן־לָֽךְ׃,345A
וּֽשְׁלַֽח־לִי֩ עֲצֵ֨י אֲרָזִ֜ים בְּרוֹשִׁ֣ים וְאַלְגּוּמִּים֮ מֵֽהַלְּבָנוֹן֒ כִּ֚י אֲנִ֣י יָדַ֔עְתִּי אֲשֶׁ֤ר 'אאא' עֲבָדֶ֙יךָ֙ יֽוֹדְעִ֔ים לִכְר֖וֹת עֲצֵ֣י לְבָנ֑וֹן וְהִנֵּ֥ה עֲבָדַ֖י עִם־עֲבָדֶֽיךָ׃,345B
,346A
וַיַּ֣עַשׂ חוּרָ֔ם אֶת־הַ֨סִּיר֔וֹת וְאֶת־הַיָּעִ֖ים וְאֶת־הַמִּזְרָק֑וֹת וַיְכַ֣ל חוּרָ֗ם לַעֲשׂוֹת֙ 'אאא' אֶת־הַמְּלָאכָ֔ה אֲשֶׁ֥ר עָשָׂ֛ה לַמֶּ֥לֶךְ שְׁלֹמֹ֖ה בְּבֵ֥ית הָאֱלֹהִֽים׃,346B
אֵ֚ין בָּֽאָר֔וֹן רַ֚ק שְׁנֵ֣י הַלֻּח֔וֹת אֲשֶׁר־נָתַ֥ן מֹשֶׁ֖ה 'אאא' בְּחֹרֵ֑ב אֲשֶׁ֨ר כָּרַ֤ת יְהוָה֙ עִם־בְּנֵ֣י יִשְׂרָאֵ֔ל בְּצֵאתָ֖ם מִמִּצְרָֽיִם׃,347A
וְעַתָּ֞ה יְהוָ֣ה ׀ אֱלֹהֵ֣י יִשְׂרָאֵ֗ל שְׁ֠מֹר לְעַבְדְּךָ֨ דָוִ֤יד אָבִי֙ אֵת֩ אֲשֶׁ֨ר דִּבַּ֤רְתָּ 'אאא' לּוֹ֙ לֵאמֹ֔ר לֹא־יִכָּרֵ֨ת לְךָ֥ אִישׁ֙ מִלְּפָנַ֔י יוֹשֵׁ֖ב עַל־כִּסֵּ֣א יִשְׂרָאֵ֑ל רַ֠ק אִם־יִשְׁמְר֨וּ בָנֶ֜יךָ אֶת־דַּרְכָּ֗ם לָלֶ֙כֶת֙ בְּת֣וֹרָתִ֔י כַּאֲשֶׁ֥ר הָלַ֖כְתָּ לְפָנָֽי׃,347B
וְגַ֣ם אֶל־הַנָּכְרִ֗י אֲ֠שֶׁר לֹ֥א מֵעַמְּךָ֣ יִשְׂרָאֵל֮ הוּא֒ וּבָ֣א ׀ מֵאֶ֣רֶץ רְחוֹקָ֗ה לְמַ֨עַן שִׁמְךָ֤ הַגָּדוֹל֙ וְיָדְךָ֣ הַחֲזָקָ֔ה וּֽזְרֽוֹעֲךָ֖ 'אאא' הַנְּטוּיָ֑ה וּבָ֥אוּ וְהִֽתְפַּלְל֖וּ אֶל־הַבַּ֥יִת הַזֶּֽה׃,348A
וַיְקַדֵּ֣שׁ שְׁלֹמֹ֗ה אֶת־תּ֤וֹךְ הֶֽחָצֵר֙ אֲשֶׁר֙ לִפְנֵ֣י בֵית־יְהוָ֔ה כִּֽי־עָ֤שָׂה שָׁם֙ הָֽעֹל֔וֹת וְאֵ֖ת חֶלְבֵ֣י 'אאא' הַשְּׁלָמִ֑ים כִּֽי־מִזְבַּ֤ח הַנְּחֹ֙שֶׁת֙ אֲשֶׁ֣ר עָשָׂ֣ה שְׁלֹמֹ֔ה לֹ֣א יָכ֗וֹל לְהָכִ֛יל אֶת־הָעֹלָ֥ה וְאֶת־הַמִּנְחָ֖ה וְאֶת־הַחֲלָבִֽים׃,348B
,349A
וַתֹּ֙אמֶר֙ אֶל־ 'אאא' הַמֶּ֔לֶךְ אֱמֶת֙ הַדָּבָ֔ר אֲשֶׁ֥ר שָׁמַ֖עְתִּי בְּאַרְצִ֑י עַל־דְּבָרֶ֖יךָ וְעַל־חָכְמָתֶֽךָ׃,349B
וְהֵ֣ם מְבִיאִ֣ים אִ֣ישׁ מִנְחָת֡וֹ כְּלֵ֣י כֶסֶף֩ וּכְלֵ֨י זָהָ֤ב וּשְׂלָמוֹת֙ נֵ֣שֶׁק וּבְשָׂמִ֔ים סוּסִ֖ים 'אאא' וּפְרָדִ֑ים דְּבַר־שָׁנָ֖ה בְּשָׁנָֽה׃,350A
וַיְדַבֵּ֣ר 'אאא' אֲלֵהֶ֗ם כַּעֲצַ֤ת הַיְלָדִים֙ לֵאמֹ֔ר אַכְבִּיד֙ אֶֽת־עֻלְּכֶ֔ם וַאֲנִ֖י אֹסִ֣יף עָלָ֑יו אָבִ֗י יִסַּ֤ר אֶתְכֶם֙ בַּשּׁוֹטִ֔ים וַאֲנִ֖י בָּעֲקְרַבִּֽים׃,350B
וַֽיְחַזְּקוּ֙ אֶת־מַלְכ֣וּת יְהוּדָ֔ה וַֽיְאַמְּצ֛וּ אֶת־רְחַבְעָ֥ם בֶּן־שְׁלֹמֹ֖ה 'אאא' לְשָׁנִ֣ים שָׁל֑וֹשׁ כִּ֣י הָֽלְכ֗וּ בְּדֶ֧רֶךְ דָּוִ֛יד וּשְׁלֹמֹ֖ה לְשָׁנִ֥ים שָׁלֽוֹשׁ׃,351A
וְדִבְרֵ֣י רְחַבְעָ֗ם הָרִאשֹׁנִים֙ וְהָאֲ֣חַרוֹנִ֔ים הֲלֹא־ 'אאא' הֵ֨ם כְּתוּבִ֜ים בְּדִבְרֵ֨י שְׁמַֽעְיָ֧ה הַנָּבִ֛יא וְעִדּ֥וֹ הַחֹזֶ֖ה לְהִתְיַחֵ֑שׂ וּמִלְחֲמ֧וֹת רְחַבְעָ֛ם וְיָרָבְעָ֖ם כָּל־הַיָּמִֽים׃,351B
וַיִּכָּנְע֥וּ בְנֵי־יִשְׂרָאֵ֖ל בָּעֵ֣ת הַהִ֑יא וַיֶּֽאֶמְצוּ֙ בְּנֵ֣י 'אאא' יְהוּדָ֔ה כִּ֣י נִשְׁעֲנ֔וּ עַל־יְהוָ֖ה אֱלֹהֵ֥י אֲבוֹתֵיהֶֽם׃,352A
וַיֵּצֵא֮ לִפְנֵ֣י אָסָא֒ וַיֹּ֣אמֶר ל֔וֹ שְׁמָע֕וּנִי אָסָ֖א וְכָל־יְהוּדָ֣ה וּבִנְיָמִ֑ן יְהוָ֤ה עִמָּכֶם֙ בִּֽהְיֽוֹתְכֶ֣ם עִמּ֔וֹ וְאִֽם־תִּדְרְשֻׁ֙הוּ֙ יִמָּצֵ֣א לָכֶ֔ם וְאִם־תַּעַזְבֻ֖הוּ 'אאא' יַעֲזֹ֥ב אֶתְכֶֽם׃,352B
וְאָסָ֣א הַמֶּ֗לֶךְ לָקַח֙ אֶת־כָּל־יְהוּדָ֔ה וַיִּשְׂא֞וּ אֶת־אַבְנֵ֤י הָֽרָמָה֙ וְאֶת־עֵצֶ֔יהָ אֲשֶׁ֥ר 'אאא' בָּנָ֖ה בַּעְשָׁ֑א וַיִּ֣בֶן בָּהֶ֔ם אֶת־גֶּ֖בַע וְאֶת־הַמִּצְפָּֽה׃,353A
וּמְלָאכָ֥ה רַבָּ֛ה הָ֥יָה ל֖וֹ בְּעָרֵ֣י יְהוּדָ֑ה וְאַנְשֵׁ֧י מִלְחָמָ֛ה 'אאא' גִּבּ֥וֹרֵי חַ֖יִל בִּירוּשָׁלָֽ͏ִם׃,353B
וַיֹּ֗אמֶר רָאִ֤יתִי אֶת־כָּל־יִשְׂרָאֵל֙ נְפוֹצִ֣ים עַל־הֶֽהָרִ֔ים 'אאא' כַּצֹּ֕אן אֲשֶׁ֥ר אֵין־לָהֶ֖ן רֹעֶ֑ה וַיֹּ֤אמֶר יְהוָה֙ לֹֽא־אֲדֹנִ֣ים לָאֵ֔לֶּה יָשׁ֥וּבוּ אִישׁ־לְבֵית֖וֹ בְּשָׁלֽוֹם׃,354A
אֲבָ֕ל דְּבָרִ֥ים טוֹבִ֖ים נִמְצְא֣וּ עִמָּ֑ךְ כִּֽי־בִעַ֤רְתָּ הָאֲשֵׁרוֹת֙ מִן־הָאָ֔רֶץ 'אאא' וַהֲכִינ֥וֹתָ לְבָבְךָ֖ לִדְרֹ֥שׁ הָֽאֱלֹהִֽים׃,354B
וְכָ֨ל־ 'אאא' יְהוּדָ֔ה עֹמְדִ֖ים לִפְנֵ֣י יְהוָ֑ה גַּם־טַפָּ֖ם נְשֵׁיהֶ֥ם וּבְנֵיהֶֽם׃,355A
אַ֥ךְ הַבָּמ֖וֹת לֹא־סָ֑רוּ וְע֤וֹד הָעָם֙ לֹא־הֵכִ֣ינוּ לְבָבָ֔ם 'אאא' לֵאלֹהֵ֖י אֲבֹתֵיהֶֽם׃,355B
וְאַחֲרֵ֖י כָּל־זֹ֑את נְגָפ֨וֹ 'אאא' יְהוָ֧ה ׀ בְּמֵעָ֛יו לָחֳלִ֖י לְאֵ֥ין מַרְפֵּֽא׃,356A
וַיָּסֹ֙בּוּ֙ בִּֽיהוּדָ֔ה 'אאא' וַיִּקְבְּצ֤וּ אֶת־הַלְוִיִּם֙ מִכָּל־עָרֵ֣י יְהוּדָ֔ה וְרָאשֵׁ֥י הָאָב֖וֹת לְיִשְׂרָאֵ֑ל וַיָּבֹ֖אוּ אֶל־יְרוּשָׁלָֽ͏ִם׃,356B
וַיִּקַּ֣ח אֶת־שָׂרֵ֣י הַמֵּא֡וֹת וְאֶת־הָֽאַדִּירִים֩ וְאֶת־הַמּֽוֹשְׁלִ֨ים בָּעָ֜ם וְאֵ֣ת ׀ כָּל־עַ֣ם הָאָ֗רֶץ וַיּ֤וֹרֶד אֶת־הַמֶּ֙לֶךְ֙ מִבֵּ֣ית יְהוָ֔ה וַיָּבֹ֛אוּ 'אאא' בְּתֽוֹךְ־שַׁ֥עַר הָֽעֶלְי֖וֹן בֵּ֣ית הַמֶּ֑לֶךְ וַיּוֹשִׁ֙יבוּ֙ אֶת־הַמֶּ֔לֶךְ עַ֖ל כִּסֵּ֥א הַמַּמְלָכָֽה׃,357A
וְר֣וּחַ אֱלֹהִ֗ים 'אאא' לָֽבְשָׁה֙ אֶת־זְכַרְיָה֙ בֶּן־יְהוֹיָדָ֣ע הַכֹּהֵ֔ן וַֽיַּעֲמֹ֖ד מֵעַ֣ל לָעָ֑ם וַיֹּ֨אמֶר לָהֶ֜ם כֹּ֣ה ׀ אָמַ֣ר הָאֱלֹהִ֗ים לָמָה֩ אַתֶּ֨ם עֹבְרִ֜ים אֶת־מִצְוֺ֤ת יְהוָה֙ וְלֹ֣א תַצְלִ֔יחוּ כִּֽי־עֲזַבְתֶּ֥ם אֶת־יְהוָ֖ה וַיַּֽעֲזֹ֥ב אֶתְכֶֽם׃,357B
,358A
וַיִּשָּׂאֻ֖הוּ עַל־הַסּוּסִ֑ים וַֽיִּקְבְּר֥וּ אֹת֛וֹ עִם־ 'אאא' אֲבֹתָ֖יו בְּעִ֥יר יְהוּדָֽה׃,358B
וַיִּזְעַף֙ עֻזִּיָּ֔הוּ וּבְיָד֥וֹ מִקְטֶ֖רֶת 'אאא' לְהַקְטִ֑יר וּבְזַעְפּ֣וֹ עִם־הַכֹּהֲנִ֗ים וְ֠הַצָּרַעַת זָרְחָ֨ה בְמִצְח֜וֹ לִפְנֵ֤י הַכֹּֽהֲנִים֙ בְּבֵ֣ית יְהוָ֔ה מֵעַ֖ל לְמִזְבַּ֥ח הַקְּטֹֽרֶת׃,359A
,359B
וּבְכָל־עִ֨יר וָעִ֤יר לִֽיהוּדָה֙ עָשָׂ֣ה בָמ֔וֹת לְקַטֵּ֖ר לֵֽאלֹהִ֣ים אֲחֵרִ֑ים וַיַּכְעֵ֕ס 'אאא' אֶת־יְהוָ֖ה אֱלֹהֵ֥י אֲבֹתָֽיו׃,360A
וְאֵ֣ת כָּל־הַכֵּלִ֗ים אֲשֶׁ֣ר הִזְנִיחַ֩ הַמֶּ֨לֶךְ אָחָ֧ז בְּמַלְכוּת֛וֹ בְּמַעֲל֖וֹ 'אאא' הֵכַ֣נּוּ וְהִקְדָּ֑שְׁנוּ וְהִנָּ֕ם לִפְנֵ֖י מִזְבַּ֥ח יְהוָֽה׃,360B
כִּ֣י לֹ֧א יָכְל֛וּ לַעֲשֹׂת֖וֹ בָּעֵ֣ת הַהִ֑יא כִּ֤י הַכֹּהֲנִים֙ לֹֽא־ 'אאא' הִתְקַדְּשׁ֣וּ לְמַדַּ֔י וְהָעָ֖ם לֹא־נֶאֶסְפ֥וּ לִֽירוּשָׁלָֽ͏ִם׃,361A
וַיִּוָּֽעֲצוּ֙ כָּל־הַקָּהָ֔ל לַעֲשׂ֕וֹת שִׁבְעַ֥ת יָמִ֖ים אֲחֵרִ֑ים 'אאא' וַיַּֽעֲשׂ֥וּ שִׁבְעַת־יָמִ֖ים שִׂמְחָֽה׃,361B
וְקוֹרֵ֨א בֶן־יִמְנָ֤ה הַלֵּוִי֙ הַשּׁוֹעֵ֣ר לַמִּזְרָ֔חָה עַ֖ל נִדְב֣וֹת הָאֱלֹהִ֑ים לָתֵת֙ 'אאא' תְּרוּמַ֣ת יְהוָ֔ה וְקָדְשֵׁ֖י הַקֳּדָשִֽׁים׃,362A
הֲלֹ֣א תֵדְע֗וּ מֶ֤ה עָשִׂ֙יתִי֙ אֲנִ֣י וַאֲבוֹתַ֔י לְכֹ֖ל 'אאא' עַמֵּ֣י הָאֲרָצ֑וֹת הֲיָכ֣וֹל יָֽכְל֗וּ אֱלֹהֵי֙ גּוֹיֵ֣ הָאֲרָצ֔וֹת לְהַצִּ֥יל אֶת־אַרְצָ֖ם מִיָּדִֽי׃,362B
,363A
וַיִּשְׁכַּ֤ב מְנַשֶּׁה֙ עִם־אֲבֹתָ֔יו 'אאא' וַֽיִּקְבְּרֻ֖הוּ בֵּית֑וֹ וַיִּמְלֹ֛ךְ אָמ֥וֹן בְּנ֖וֹ תַּחְתָּֽיו׃,363B
וּבְהוֹצִיאָ֣ם אֶת־הַכֶּ֔סֶף הַמּוּבָ֖א בֵּ֣ית יְהוָ֑ה מָצָא֙ 'אאא' חִלְקִיָּ֣הוּ הַכֹּהֵ֔ן אֶת־סֵ֥פֶר תּֽוֹרַת־יְהוָ֖ה בְּיַד־מֹשֶֽׁה׃,364A
וַיַּעֲמֹ֨ד הַמֶּ֜לֶךְ עַל־עָמְד֗וֹ וַיִּכְרֹ֣ת אֶֽת־הַבְּרִית֮ לִפְנֵ֣י יְהוָה֒ לָלֶ֜כֶת אַחֲרֵ֣י יְהוָ֗ה וְלִשְׁמ֤וֹר אֶת־מִצְוֺתָיו֙ וְעֵֽדְוֺתָ֣יו וְחֻקָּ֔יו בְּכָל־לְבָב֖וֹ וּבְכָל־נַפְשׁ֑וֹ לַעֲשׂוֹת֙ 'אאא' אֶת־דִּבְרֵ֣י הַבְּרִ֔ית הַכְּתוּבִ֖ים עַל־הַסֵּ֥פֶר הַזֶּֽה׃,364B
וַ֠תִּכּוֹן כָּל־עֲבוֹדַ֨ת יְהוָ֜ה בַּיּ֤וֹם הַהוּא֙ לַעֲשׂ֣וֹת הַפֶּ֔סַח וְהַעֲל֣וֹת עֹל֔וֹת עַ֖ל מִזְבַּ֣ח יְהוָ֑ה כְּמִצְוַ֖ת 'אאא' הַמֶּ֥לֶךְ יֹאשִׁיָּֽהוּ׃,365A
וְיֶתֶר֩ דִּבְרֵ֨י יְהֽוֹיָקִ֜ים וְתֹֽעֲבֹתָ֤יו אֲשֶׁר־עָשָׂה֙ וְהַנִּמְצָ֣א עָלָ֔יו הִנָּ֣ם כְּתוּבִ֗ים עַל־סֵ֛פֶר מַלְכֵ֥י יִשְׂרָאֵ֖ל וִֽיהוּדָ֑ה וַיִּמְלֹ֛ךְ יְהוֹיָכִ֥ין 'אאא' בְּנ֖וֹ תַּחְתָּֽיו׃,365B
,366A
כִּ֤י ׀ לֹ֤א אֵֽל־חָפֵ֘ץ רֶ֥שַׁע ׀ אָ֑תָּה לֹ֖א יְגֻרְךָ֣ 'אאא' רָֽע׃,366B
מָֽה־ 'אאא' אֱנ֥וֹשׁ כִּֽי־תִזְכְּרֶ֑נּוּ וּבֶן־אָ֝דָ֗ם כִּ֣י תִפְקְדֶֽנּוּ׃,367A
תַּאֲוַ֬ת עֲנָוִ֣ים 'אאא' שָׁמַ֣עְתָּ יְהוָ֑ה תָּכִ֥ין לִ֝בָּ֗ם תַּקְשִׁ֥יב אָזְנֶֽךָ׃,367B
לֹֽא־רָגַ֨ל ׀ עַל־לְשֹׁנ֗וֹ לֹא־עָשָׂ֣ה 'אאא' לְרֵעֵ֣הוּ רָעָ֑ה וְ֝חֶרְפָּ֗ה לֹא־נָשָׂ֥א עַל־קְרֹֽבוֹ׃,368A
בַּצַּר־לִ֤י ׀ אֶֽקְרָ֣א יְהוָה֮ וְאֶל־אֱלֹהַ֢י אֲשַׁ֫וֵּ֥עַ יִשְׁמַ֣ע 'אאא' מֵהֵיכָל֣וֹ קוֹלִ֑י וְ֝שַׁוְעָתִ֗י לְפָנָ֤יו ׀ תָּב֬וֹא בְאָזְנָֽיו׃,368B
הַשָּׁמַ֗יִם מְֽסַפְּרִ֥ים 'אאא' כְּבֽוֹד־אֵ֑ל וּֽמַעֲשֵׂ֥ה יָ֝דָ֗יו מַגִּ֥יד הָרָקִֽיעַ׃,369A
וְאַתָּ֥ה קָד֑וֹשׁ 'אאא' י֝וֹשֵׁ֗ב תְּהִלּ֥וֹת יִשְׂרָאֵֽל׃,369B
שְׂא֤וּ שְׁעָרִ֨ים ׀ רָֽאשֵׁיכֶ֗ם וְֽ֭הִנָּשְׂאוּ פִּתְחֵ֣י עוֹלָ֑ם וְ֝יָב֗וֹא 'אאא' מֶ֣לֶךְ הַכָּבֽוֹד׃,370A
,370B
,371A
רַבִּ֥ים מַכְאוֹבִ֗ים 'אאא' לָרָ֫שָׁ֥ע וְהַבּוֹטֵ֥חַ בַּיהוָ֑ה חֶ֝֗סֶד יְסוֹבְבֶֽנּוּ׃,371B
,372A
שָׁ֣ם נָ֭פְלוּ פֹּ֣עֲלֵי אָ֑וֶן דֹּ֝ח֗וּ וְלֹא־יָ֥כְלוּ 'אאא' קֽוּם׃,372B
כִּ֣י עֲ֭וֺנֹתַי עָבְר֣וּ רֹאשִׁ֑י 'אאא' כְּמַשָּׂ֥א כָ֝בֵ֗ד יִכְבְּד֥וּ מִמֶּֽנִּי׃,373A
זֶ֤בַח וּמִנְחָ֨ה ׀ לֹֽא־ 'אאא' חָפַ֗צְתָּ אָ֭זְנַיִם כָּרִ֣יתָ לִּ֑י עוֹלָ֥ה וַ֝חֲטָאָ֗ה לֹ֣א שָׁאָֽלְתָּ׃,373B
אֱ‍ֽלֹהַ֗י עָלַי֮ נַפְשִׁ֢י תִשְׁתּ֫וֹחָ֥ח עַל־ 'אאא' כֵּ֗ן אֶ֭זְכָּרְךָ מֵאֶ֣רֶץ יַרְדֵּ֑ן וְ֝חֶרְמוֹנִ֗ים מֵהַ֥ר מִצְעָֽר׃,374A
כִּ֤י 'אאא' שָׁ֣חָה לֶעָפָ֣ר נַפְשֵׁ֑נוּ דָּבְקָ֖ה לָאָ֣רֶץ בִּטְנֵֽנוּ׃,374B
,375A
,375B
אָ֤ז תַּחְפֹּ֣ץ זִבְחֵי־צֶ֭דֶק עוֹלָ֣ה וְכָלִ֑יל 'אאא' אָ֤ז יַעֲל֖וּ עַל־מִזְבַּחֲךָ֣ פָרִֽים׃,376A
,376B
,377A
,377B
,378A
כִּֽי־בְחַנְתָּ֥נוּ 'אאא' אֱלֹהִ֑ים צְ֝רַפְתָּ֗נוּ כִּצְרָף־כָּֽסֶף׃,378B
בָּ֤ר֣וּךְ אֲדֹנָי֮ י֤וֹם ׀ י֥וֹם יַֽעֲמָס־ 'אאא' לָ֗נוּ הָ֘אֵ֤ל יְֽשׁוּעָתֵ֬נוּ סֶֽלָה׃,379A
חֶרְפָּ֤ה ׀ שָֽׁבְרָ֥ה לִבִּ֗י וָֽאָ֫נ֥וּשָׁה וָאֲקַוֶּ֣ה 'אאא' לָנ֣וּד וָאַ֑יִן וְ֝לַמְנַחֲמִ֗ים וְלֹ֣א מָצָֽאתִי׃,379B
וְגַ֤ם עַד־זִקְנָ֨ה ׀ וְשֵׂיבָה֮ אֱלֹהִ֢ים אַֽל־תַּעַ֫זְבֵ֥נִי עַד־ 'אאא' אַגִּ֣יד זְרוֹעֲךָ֣ לְד֑וֹר לְכָל־יָ֝ב֗וֹא גְּבוּרָתֶֽךָ׃,380A
הִנֵּה־אֵ֥לֶּה רְשָׁעִ֑ים 'אאא' וְשַׁלְוֵ֥י ע֝וֹלָ֗ם הִשְׂגּוּ־חָֽיִל׃,380B
כִּ֭י אֶקַּ֣ח מוֹעֵ֑ד אֲ֝נִ֗י מֵישָׁרִ֥ים 'אאא' אֶשְׁפֹּֽט׃,381A
ק֤וֹל 'אאא' רַעַמְךָ֨ ׀ בַּגַּלְגַּ֗ל הֵאִ֣ירוּ בְרָקִ֣ים תֵּבֵ֑ל רָגְזָ֖ה וַתִּרְעַ֣שׁ הָאָֽרֶץ׃,381B
וַיְפַתּ֥וּהוּ 'אאא' בְּפִיהֶ֑ם וּ֝בִלְשׁוֹנָ֗ם יְכַזְּבוּ־לֽוֹ׃,382A
עַד־מָ֣ה יְ֭הוָה תֶּאֱנַ֣ף לָנֶ֑צַח 'אאא' תִּבְעַ֥ר כְּמוֹ־אֵ֝֗שׁ קִנְאָתֶֽךָ׃,382B
וְלֹא־שָׁמַ֣ע 'אאא' עַמִּ֣י לְקוֹלִ֑י וְ֝יִשְׂרָאֵ֗ל לֹא־אָ֥בָה לִֽי׃,383A
כִּ֤י טֽוֹב־י֥וֹם בַּחֲצֵרֶ֗יךָ מֵ֫אָ֥לֶף בָּחַ֗רְתִּי 'אאא' הִ֭סְתּוֹפֵף בְּבֵ֣ית אֱלֹהַ֑י מִ֝דּ֗וּר בְּאָהֳלֵי־רֶֽשַׁע׃,383B
יְֽהוָ֗ה יִ֭סְפֹּר בִּכְת֣וֹב 'אאא' עַמִּ֑ים זֶ֖ה יֻלַּד־שָׁ֣ם סֶֽלָה׃,384A
כִּ֣י 'אאא' לַֽ֭יהוָה מָֽגִנֵּ֑נוּ וְלִקְד֖וֹשׁ יִשְׂרָאֵ֣ל מַלְכֵּֽנוּ׃,384B
כִּֽי־כָלִ֥ינוּ בְאַפֶּ֑ךָ וּֽבַחֲמָתְךָ֥ 'אאא' נִבְהָֽלְנוּ׃,385A
נָשְׂא֤וּ נְהָר֨וֹת ׀ יְֽהוָ֗ה נָשְׂא֣וּ נְהָר֣וֹת 'אאא' קוֹלָ֑ם יִשְׂא֖וּ נְהָר֣וֹת דָּכְיָֽם׃,385B
הָב֣וּ לַ֭יהוָה כְּב֣וֹד שְׁמ֑וֹ שְׂאֽוּ־מִ֝נְחָ֗ה 'אאא' וּבֹ֥אוּ לְחַצְרוֹתָֽיו׃,386A
,386B
עִנָּ֖ה 'אאא' בַדֶּ֥רֶךְ כֹּחִ֗י קִצַּ֥ר יָמָֽי׃,387A
מַצְמִ֤יחַ 'אאא' חָצִ֨יר ׀ לַבְּהֵמָ֗ה וְ֭עֵשֶׂב לַעֲבֹדַ֣ת הָאָדָ֑ם לְה֥וֹצִיא לֶ֝֗חֶם מִן־הָאָֽרֶץ׃,387B
וַיָּבֹ֣א 'אאא' יִשְׂרָאֵ֣ל מִצְרָ֑יִם וְ֝יַעֲקֹ֗ב גָּ֣ר בְּאֶֽרֶץ־חָֽם׃,388A
וַיֹּ֗אמֶר לְֽהַשְׁמִ֫ידָ֥ם לוּלֵ֡י מֹ֘שֶׁ֤ה בְחִיר֗וֹ עָמַ֣ד בַּפֶּ֣רֶץ לְפָנָ֑יו לְהָשִׁ֥יב 'אאא' חֲ֝מָת֗וֹ מֵֽהַשְׁחִֽית׃,388B
כָּל־אֹ֭כֶל תְּתַעֵ֣ב נַפְשָׁ֑ם וַ֝יַּגִּ֗יעוּ עַד־ 'אאא' שַׁ֥עֲרֵי מָֽוֶת׃,389A
הַפְקֵ֣ד עָלָ֣יו 'אאא' רָשָׁ֑ע וְ֝שָׂטָ֗ן יַעֲמֹ֥ד עַל־יְמִינֽוֹ׃,389B
פְּד֤וּת ׀ שָׁ֘לַ֤ח לְעַמּ֗וֹ צִוָּֽה־לְעוֹלָ֥ם בְּרִית֑וֹ 'אאא' קָד֖וֹשׁ וְנוֹרָ֣א שְׁמֽוֹ׃,390A
הַשָּׁמַ֣יִם שָׁ֭מַיִם לַיהוָ֑ה וְ֝הָאָ֗רֶץ נָתַ֥ן לִבְנֵי־ 'אאא' אָדָֽם׃,390B
,391A
,391B
,392A
,392B
,393A
,393B
בַּ֭עֲבוּר 'אאא' דָּוִ֣ד עַבְדֶּ֑ךָ אַל־תָּ֝שֵׁ֗ב פְּנֵ֣י מְשִׁיחֶֽךָ׃,394A
,394B
כִּ֤י אֵ֣ין מִ֭לָּה בִּלְשׁוֹנִ֑י הֵ֥ן יְ֝הוָ֗ה יָדַ֥עְתָּ 'אאא' כֻלָּֽהּ׃,395A
נִשְׁמְט֣וּ בִֽידֵי־סֶ֭לַע 'אאא' שֹׁפְטֵיהֶ֑ם וְשָׁמְע֥וּ אֲ֝מָרַ֗י כִּ֣י נָעֵֽמוּ׃,395B
פְּצֵ֥נִי וְהַצִּילֵנִי֮ מִיַּ֢ד בְּֽנֵי־נֵ֫כָ֥ר אֲשֶׁ֣ר פִּ֭יהֶם דִּבֶּר־שָׁ֑וְא וִֽ֝ימִינָ֗ם 'אאא' יְמִ֣ין שָֽׁקֶר׃,396A
,396B
,397A
וַיֹּאמֶר֩ עָרֹ֨ם 'אאא' יָצָ֜אתִי מִבֶּ֣טֶן אִמִּ֗י וְעָרֹם֙ אָשׁ֣וּב שָׁ֔מָה יְהוָ֣ה נָתַ֔ן וַיהוָ֖ה לָקָ֑ח יְהִ֛י שֵׁ֥ם יְהוָ֖ה מְבֹרָֽךְ׃,397B
עִם־מְ֭לָכִים 'אאא' וְיֹ֣עֲצֵי אָ֑רֶץ הַבֹּנִ֖ים חֳרָב֣וֹת לָֽמוֹ׃,398A
עֹשֶׂ֣ה גְ֭דֹלוֹת וְאֵ֣ין חֵ֑קֶר נִ֝פְלָא֗וֹת עַד־אֵ֥ין 'אאא' מִסְפָּֽר׃,398B
וְ֭עַתָּה 'אאא' הוֹאִ֣ילוּ פְנוּ־בִ֑י וְעַל־פְּ֝נֵיכֶ֗ם אִם־אֲכַזֵּֽב׃,399A
הֶן־ה֭וּא מְשׂ֣וֹשׂ דַּרְכּ֑וֹ וּ֝מֵעָפָ֗ר אַחֵ֥ר 'אאא' יִצְמָֽחוּ׃,399B
הֲכִימֵ֣י אֱנ֣וֹשׁ יָמֶ֑יךָ אִם־ 'אאא' שְׁ֝נוֹתֶ֗יךָ כִּ֣ימֵי גָֽבֶר׃,400A
שְׂחֹ֤ק לְרֵעֵ֨הוּ ׀ 'אאא' אֶֽהְיֶ֗ה קֹרֵ֣א לֶ֭אֱלוֹהַּ וַֽיַּעֲנֵ֑הוּ שְׂ֝ח֗וֹק צַדִּ֥יק תָּמִֽים׃,400B
,401A
מָֽה־אֱנ֥וֹשׁ כִּֽי־יִזְכֶּ֑ה 'אאא' וְכִֽי־יִ֝צְדַּ֗ק יְל֣וּד אִשָּֽׁה׃,401B
כִּֽי־שְׁנ֣וֹת מִסְפָּ֣ר יֶאֱתָ֑יוּ 'אאא' וְאֹ֖רַח לֹא־אָשׁ֣וּב אֶהֱלֹֽךְ׃,402A
כְּ֭בוֹדִי מֵעָלַ֣י 'אאא' הִפְשִׁ֑יט וַ֝יָּ֗סַר עֲטֶ֣רֶת רֹאשִֽׁי׃,402B
יִ֭בְרַח מִנֵּ֣שֶׁק בַּרְזֶ֑ל תַּ֝חְלְפֵ֗הוּ קֶ֣שֶׁת 'אאא' נְחוּשָֽׁה׃,403A
,403B
יַטּ֣וּ אֶבְיוֹנִ֣ים 'אאא' מִדָּ֑רֶךְ יַ֥חַד חֻ֝בְּא֗וּ עֲנִיֵּי־אָֽרֶץ׃,404A
אִם־ 'אאא' תְּדַבֵּ֣רְנָה שְׂפָתַ֣י עַוְלָ֑ה וּ֝לְשׁוֹנִ֗י אִם־יֶהְגֶּ֥ה רְמִיָּֽה׃,404B
בַּעֲשֹׂת֣וֹ 'אאא' לַמָּטָ֣ר חֹ֑ק וְ֝דֶ֗רֶךְ לַחֲזִ֥יז קֹלֽוֹת׃,405A
אֲשַׁוַּ֣ע אֵ֭לֶיךָ וְלֹ֣א 'אאא' תַעֲנֵ֑נִי עָ֝מַ֗דְתִּי וַתִּתְבֹּ֥נֶן בִּֽי׃,405B
מִ֤י יִתֶּן־לִ֨י ׀ שֹׁ֘מֵ֤עַֽ לִ֗י הֶן־תָּ֭וִי 'אאא' שַׁדַּ֣י יַעֲנֵ֑נִי וְסֵ֥פֶר כָּ֝תַ֗ב אִ֣ישׁ רִיבִֽי׃,406A
יָשֵׂ֣ם בַּסַּ֣ד 'אאא' רַגְלָ֑י יִ֝שְׁמֹ֗ר כָּל־אָרְחֹתָֽי׃,406B
רֶ֤גַע ׀ יָמֻתוּ֮ וַחֲצ֢וֹת לָ֥יְלָה יְגֹעֲשׁ֣וּ 'אאא' עָ֣ם וְיַעֲבֹ֑רוּ וְיָסִ֥ירוּ אַ֝בִּ֗יר לֹ֣א בְיָֽד׃,407A
וַיִּ֣גֶל אָ֭זְנָם לַמּוּסָ֑ר וַ֝יֹּ֗אמֶר כִּֽי־ 'אאא' יְשֻׁב֥וּן מֵאָֽוֶן׃,407B
מִ֭צָּפוֹן זָהָ֣ב יֶֽאֱתֶ֑ה 'אאא' עַל־אֱ֝ל֗וֹהַּ נ֣וֹרָא הֽוֹד׃,408A
יַחְלְמ֣וּ בְ֭נֵיהֶם יִרְבּ֣וּ בַבָּ֑ר יָ֝צְא֗וּ וְלֹא־ 'אאא' שָׁ֥בוּ לָֽמוֹ׃,408B
ה֭וּא רֵאשִׁ֣ית דַּרְכֵי־אֵ֑ל הָ֝עֹשׂוֹ 'אאא' יַגֵּ֥שׁ חַרְבּֽוֹ׃,409A
וַיְהִ֗י אַחַ֨ר דִּבֶּ֧ר יְהוָ֛ה אֶת־הַדְּבָרִ֥ים הָאֵ֖לֶּה אֶל־אִיּ֑וֹב וַיֹּ֨אמֶר יְהוָ֜ה אֶל־אֱלִיפַ֣ז הַתֵּֽימָנִ֗י חָרָ֨ה אַפִּ֤י בְךָ֙ וּבִשְׁנֵ֣י רֵעֶ֔יךָ כִּ֠י לֹ֣א דִבַּרְתֶּ֥ם אֵלַ֛י 'אאא' נְכוֹנָ֖ה כְּעַבְדִּ֥י אִיּֽוֹב׃,409B
,409B
,410A
,410B
סַלְסְלֶ֥הָ וּֽתְרוֹמְמֶ֑ךָּ תְּ֝כַבֵּ֗דְךָ כִּ֣י 'אאא' תְחַבְּקֶֽנָּה׃,411A
,411B
,412A
עֹֽשֶׁר־וְכָב֥וֹד אִתִּ֑י ה֥וֹן 'אאא' עָ֝תֵ֗ק וּצְדָקָֽה׃,412B
לֹֽא־יַרְעִ֣יב יְ֭הוָה נֶ֣פֶשׁ צַדִּ֑יק 'אאא' וְהַוַּ֖ת רְשָׁעִ֣ים יֶהְדֹּֽף׃,413A
בָּז־לְרֵעֵ֥הוּ חֲסַר־לֵ֑ב 'אאא' וְאִ֖ישׁ תְּבוּנ֣וֹת יַחֲרִֽישׁ׃,413B
יַד־חָרוּצִ֥ים תִּמְשׁ֑וֹל 'אאא' ו֝רְמִיָּ֗ה תִּהְיֶ֥ה לָמַֽס׃,414A
,414B
תּוֹעֲבַ֣ת יְ֭הוָה מַחְשְׁב֣וֹת 'אאא' רָ֑ע וּ֝טְהֹרִ֗ים אִמְרֵי־נֹֽעַם׃,415A
עֶֽבֶד־מַשְׂכִּ֗יל יִ֭מְשֹׁל בְּבֵ֣ן מֵבִ֑ישׁ וּבְת֥וֹךְ 'אאא' אַ֝חִ֗ים יַחֲלֹ֥ק נַחֲלָֽה׃,415B
מַתָּ֣ן אָ֭דָם 'אאא' יַרְחִ֣יב ל֑וֹ וְלִפְנֵ֖י גְדֹלִ֣ים יַנְחֶֽנּוּ׃,416A
מִתְהַלֵּ֣ךְ בְּתֻמּ֣וֹ צַדִּ֑יק 'אאא' אַשְׁרֵ֖י בָנָ֣יו אַחֲרָֽיו׃,416B
כֹּ֣פֶר לַצַּדִּ֣יק רָשָׁ֑ע וְתַ֖חַת יְשָׁרִ֣ים 'אאא' בּוֹגֵֽד׃,417A
חָזִ֡יתָ אִ֤ישׁ ׀ מָ֘הִ֤יר 'אאא' בִּמְלַאכְתּ֗וֹ לִֽפְנֵֽי־מְלָכִ֥ים יִתְיַצָּ֑ב בַּל־יִ֝תְיַצֵּב לִפְנֵ֥י חֲשֻׁכִּֽים׃,417B
גֶּֽבֶר־חָכָ֥ם בַּע֑וֹז וְאִֽישׁ־דַּ֝֗עַת מְאַמֶּץ־ 'אאא' כֹּֽחַ׃,418A
אַל־תֵּצֵ֥א לָרִ֗ב מַ֫הֵ֥ר פֶּ֣ן מַה־ 'אאא' תַּ֭עֲשֶׂה בְּאַחֲרִיתָ֑הּ בְּהַכְלִ֖ים אֹתְךָ֣ רֵעֶֽךָ׃,418B
כֵּֽן־אִ֭ישׁ רִמָּ֣ה אֶת־ 'אאא' רֵעֵ֑הוּ וְ֝אָמַ֗ר הֲ‍ֽלֹא־מְשַׂחֵ֥ק אָֽנִי׃,419A
בְּפֶ֣שַֽׁע אֶ֭רֶץ רַבִּ֣ים שָׂרֶ֑יהָ וּבְאָדָ֥ם 'אאא' מֵבִ֥ין יֹ֝דֵ֗עַ כֵּ֣ן יַאֲרִֽיךְ׃,419B
כָּל־ר֭וּחוֹ יוֹצִ֣יא כְסִ֑יל וְ֝חָכָ֗ם בְּאָח֥וֹר 'אאא' יְשַׁבְּחֶֽנָּה׃,420A
,420B
נוֹדָ֣ע בַּשְּׁעָרִ֣ים 'אאא' בַּעְלָ֑הּ בְּ֝שִׁבְתּ֗וֹ עִם־זִקְנֵי־אָֽרֶץ׃,421A
,421A
בַּאֲשֶׁ֤ר תָּמ֙וּתִי֙ אָמ֔וּת וְשָׁ֖ם אֶקָּבֵ֑ר כֹּה֩ יַעֲשֶׂ֨ה יְהוָ֥ה לִי֙ וְכֹ֣ה יֹסִ֔יף 'אאא' כִּ֣י הַמָּ֔וֶת יַפְרִ֖יד בֵּינִ֥י וּבֵינֵֽךְ׃,421B
,422A
לִ֣ינִי ׀ הַלַּ֗יְלָה וְהָיָ֤ה בַבֹּ֙קֶר֙ אִם־יִגְאָלֵ֥ךְ טוֹב֙ יִגְאָ֔ל וְאִם־לֹ֨א יַחְפֹּ֧ץ 'אאא' לְגָֽאֳלֵ֛ךְ וּגְאַלְתִּ֥יךְ אָנֹ֖כִי חַי־יְהוָ֑ה שִׁכְבִ֖י עַד־הַבֹּֽקֶר׃,422B
וַיִּקַּ֨ח בֹּ֤עַז אֶת־רוּת֙ וַתְּהִי־ל֣וֹ לְאִשָּׁ֔ה 'אאא' וַיָּבֹ֖א אֵלֶ֑יהָ וַיִּתֵּ֨ן יְהוָ֥ה לָ֛הּ הֵרָי֖וֹן וַתֵּ֥לֶד בֵּֽן׃,423A
,423A
סַמְּכ֙וּנִי֙ 'אאא' בָּֽאֲשִׁישׁ֔וֹת רַפְּד֖וּנִי בַּתַּפּוּחִ֑ים כִּי־חוֹלַ֥ת אַהֲבָ֖ה אָֽנִי׃,423B
הִנָּ֨ךְ יָפָ֤ה רַעְיָתִי֙ הִנָּ֣ךְ יָפָ֔ה עֵינַ֣יִךְ יוֹנִ֔ים מִבַּ֖עַד לְצַמָּתֵ֑ךְ שַׂעְרֵךְ֙ 'אאא' כְּעֵ֣דֶר הָֽעִזִּ֔ים שֶׁגָּלְשׁ֖וּ מֵהַ֥ר גִּלְעָֽד׃,424A
לְחָיָו֙ כַּעֲרוּגַ֣ת הַבֹּ֔שֶׂם מִגְדְּל֖וֹת 'אאא' מֶרְקָחִ֑ים שִׂפְתוֹתָיו֙ שֽׁוֹשַׁנִּ֔ים נֹטְפ֖וֹת מ֥וֹר עֹבֵֽר׃,424B
מִ֤י יִתֶּנְךָ֙ כְּאָ֣ח לִ֔י יוֹנֵ֖ק שְׁדֵ֣י אִמִּ֑י אֶֽמְצָאֲךָ֤ בַחוּץ֙ אֶשָׁ֣קְךָ֔ גַּ֖ם 'אאא' לֹא־יָב֥וּזוּ לִֽי׃,425A
,425A
וְנָתַ֣תִּי 'אאא' אֶת־לִבִּ֗י לִדְר֤וֹשׁ וְלָתוּר֙ בַּֽחָכְמָ֔ה עַ֛ל כָּל־אֲשֶׁ֥ר נַעֲשָׂ֖ה תַּ֣חַת הַשָּׁמָ֑יִם ה֣וּא ׀ עִנְיַ֣ן רָ֗ע נָתַ֧ן אֱלֹהִ֛ים לִבְנֵ֥י הָאָדָ֖ם לַעֲנ֥וֹת בּֽוֹ׃,425B
,426A
וְגַ֤ם כָּל־הָאָדָם֙ שֶׁיֹּאכַ֣ל וְשָׁתָ֔ה וְרָאָ֥ה ט֖וֹב בְּכָל־עֲמָל֑וֹ מַתַּ֥ת אֱלֹהִ֖ים 'אאא' הִֽיא׃,426B
ט֛וֹב יֶ֥לֶד מִסְכֵּ֖ן וְחָכָ֑ם מִמֶּ֤לֶךְ זָקֵן֙ 'אאא' וּכְסִ֔יל אֲשֶׁ֛ר לֹא־יָדַ֥ע לְהִזָּהֵ֖ר עֽוֹד׃,427A
כִּ֚י לֹ֣א 'אאא' הַרְבֵּ֔ה יִזְכֹּ֖ר אֶת־יְמֵ֣י חַיָּ֑יו כִּ֧י הָאֱלֹהִ֛ים מַעֲנֶ֖ה בְּשִׂמְחַ֥ת לִבּֽוֹ׃,427B
אַל־תִּרְשַׁ֥ע הַרְבֵּ֖ה וְאַל־תְּהִ֣י 'אאא' סָכָ֑ל לָ֥מָּה תָמ֖וּת בְּלֹ֥א עִתֶּֽךָ׃,428A
יֶשׁ־הֶבֶל֮ אֲשֶׁ֣ר נַעֲשָׂ֣ה עַל־ 'אאא' הָאָרֶץ֒ אֲשֶׁ֣ר ׀ יֵ֣שׁ צַדִּיקִ֗ים אֲשֶׁ֨ר מַגִּ֤יעַ אֲלֵהֶם֙ כְּמַעֲשֵׂ֣ה הָרְשָׁעִ֔ים וְיֵ֣שׁ רְשָׁעִ֔ים שֶׁמַּגִּ֥יעַ אֲלֵהֶ֖ם כְּמַעֲשֵׂ֣ה הַצַּדִּיקִ֑ים אָמַ֕רְתִּי שֶׁגַּם־זֶ֖ה הָֽבֶל׃,428B
כִּ֡י גַּם֩ לֹֽא־יֵדַ֨ע הָאָדָ֜ם אֶת־עִתּ֗וֹ כַּדָּגִים֙ שֶׁנֶּֽאֱחָזִים֙ 'אאא' בִּמְצוֹדָ֣ה רָעָ֔ה וְכַ֨צִּפֳּרִ֔ים הָאֲחֻז֖וֹת בַּפָּ֑ח כָּהֵ֗ם יֽוּקָשִׁים֙ בְּנֵ֣י הָֽאָדָ֔ם לְעֵ֣ת רָעָ֔ה כְּשֶׁתִּפּ֥וֹל עֲלֵיהֶ֖ם פִּתְאֹֽם׃,429A
אִם־יִמָּלְא֨וּ הֶעָבִ֥ים גֶּ֙שֶׁם֙ עַל־הָאָ֣רֶץ יָרִ֔יקוּ 'אאא' וְאִם־יִפּ֥וֹל עֵ֛ץ בַּדָּר֖וֹם וְאִ֣ם בַּצָּפ֑וֹן מְק֛וֹם שֶׁיִּפּ֥וֹל הָעֵ֖ץ שָׁ֥ם יְהֽוּא׃,429B
,430A
צַדִּ֥יק ה֛וּא 'אאא' יְהוָ֖ה כִּ֣י פִ֣יהוּ מָרִ֑יתִי שִׁמְעוּ־נָ֣א כָל־הָֽעַמִּ֗ים וּרְאוּ֙ מַכְאֹבִ֔י בְּתוּלֹתַ֥י וּבַחוּרַ֖י הָלְכ֥וּ בַשֶּֽׁבִי׃,430B
מָֽה־אֲעִידֵ֞ךְ 'אאא' מָ֣ה אֲדַמֶּה־לָּ֗ךְ הַבַּת֙ יְר֣וּשָׁלִַ֔ם מָ֤ה אַשְׁוֶה־לָּךְ֙ וַאֲנַֽחֲמֵ֔ךְ בְּתוּלַ֖ת בַּת־צִיּ֑וֹן כִּֽי־גָד֥וֹל כַּיָּ֛ם שִׁבְרֵ֖ךְ מִ֥י יִרְפָּא־לָֽךְ׃,431A
,431B
דָּבַ֨ק לְשׁ֥וֹן יוֹנֵ֛ק אֶל־חִכּ֖וֹ בַּצָּמָ֑א עֽוֹלָלִים֙ 'אאא' שָׁ֣אֲלוּ לֶ֔חֶם פֹּרֵ֖שׂ אֵ֥ין לָהֶֽם׃,432A
שָׂרִים֙ בְּיָדָ֣ם נִתְל֔וּ פְּנֵ֥י זְקֵנִ֖ים 'אאא' לֹ֥א נֶהְדָּֽרוּ׃,432B
,432B
וְהַקָּרֹ֣ב אֵלָ֗יו כַּרְשְׁנָ֤א שֵׁתָר֙ אַדְמָ֣תָא תַרְשִׁ֔ישׁ מֶ֥רֶס מַרְסְנָ֖א מְמוּכָ֑ן שִׁבְעַ֞ת שָׂרֵ֣י ׀ פָּרַ֣ס וּמָדַ֗י 'אאא' רֹאֵי֙ פְּנֵ֣י הַמֶּ֔לֶךְ הַיֹּשְׁבִ֥ים רִאשֹׁנָ֖ה בַּמַּלְכֽוּת׃,433A
וַיְהִ֗י בְּהִשָּׁמַ֤ע דְּבַר־הַמֶּ֙לֶךְ֙ וְדָת֔וֹ וּֽבְהִקָּבֵ֞ץ נְעָר֥וֹת רַבּ֛וֹת אֶל־שׁוּשַׁ֥ן הַבִּירָ֖ה 'אאא' אֶל־יַ֣ד הֵגָ֑י וַתִּלָּקַ֤ח אֶסְתֵּר֙ אֶל־בֵּ֣ית הַמֶּ֔לֶךְ אֶל־יַ֥ד הֵגַ֖י שֹׁמֵ֥ר הַנָּשִֽׁים׃,433B
אַחַ֣ר ׀ הַדְּבָרִ֣ים הָאֵ֗לֶּה 'אאא' גִּדַּל֩ הַמֶּ֨לֶךְ אֲחַשְׁוֵר֜וֹשׁ אֶת־הָמָ֧ן בֶּֽן־הַמְּדָ֛תָא הָאֲגָגִ֖י וַֽיְנַשְּׂאֵ֑הוּ וַיָּ֙שֶׂם֙ אֶת־כִּסְא֔וֹ מֵעַ֕ל כָּל־הַשָּׂרִ֖ים אֲשֶׁ֥ר אִתּֽוֹ׃,434A
הֽ͏ָרָצִ֞ים יָצְא֤וּ דְחוּפִים֙ בִּדְבַ֣ר הַמֶּ֔לֶךְ וְהַדָּ֥ת נִתְּנָ֖ה 'אאא' בְּשׁוּשַׁ֣ן הַבִּירָ֑ה וְהַמֶּ֤לֶךְ וְהָמָן֙ יָשְׁב֣וּ לִשְׁתּ֔וֹת וְהָעִ֥יר שׁוּשָׁ֖ן נָבֽוֹכָה׃,434B
וַֽיַּעֲבֹ֖ר מָרְדֳּכָ֑י 'אאא' וַיַּ֕עַשׂ כְּכֹ֛ל אֲשֶׁר־צִוְּתָ֥ה עָלָ֖יו אֶסְתֵּֽר׃,435A
וַיִּמָּצֵ֣א כָת֗וּב אֲשֶׁר֩ הִגִּ֨יד מָרְדֳּכַ֜י עַל־בִּגְתָ֣נָא וָתֶ֗רֶשׁ 'אאא' שְׁנֵי֙ סָרִיסֵ֣י הַמֶּ֔לֶךְ מִשֹּׁמְרֵ֖י הַסַּ֑ף אֲשֶׁ֤ר בִּקְשׁוּ֙ לִשְׁלֹ֣חַ יָ֔ד בַּמֶּ֖לֶךְ אֲחַשְׁוֵרֽוֹשׁ׃,435B
כִּ֤י נִמְכַּ֙רְנוּ֙ אֲנִ֣י וְעַמִּ֔י לְהַשְׁמִ֖יד לַהֲר֣וֹג וּלְאַבֵּ֑ד וְ֠אִלּוּ לַעֲבָדִ֨ים וְלִשְׁפָח֤וֹת 'אאא' נִמְכַּ֙רְנוּ֙ הֶחֱרַ֔שְׁתִּי כִּ֣י אֵ֥ין הַצָּ֛ר שֹׁוֶ֖ה בְּנֵ֥זֶק הַמֶּֽלֶךְ׃,436A
וְ֠אַתֶּם כִּתְב֨וּ עַל־הַיְּהוּדִ֜ים כַּטּ֤וֹב בְּעֵֽינֵיכֶם֙ בְּשֵׁ֣ם הַמֶּ֔לֶךְ וְחִתְמ֖וּ בְּטַבַּ֣עַת הַמֶּ֑לֶךְ כִּֽי־כְתָ֞ב אֲשֶׁר־נִכְתָּ֣ב בְּשֵׁם־הַמֶּ֗לֶךְ וְנַחְתּ֛וֹם בְּטַבַּ֥עַת 'אאא' הַמֶּ֖לֶךְ אֵ֥ין לְהָשִֽׁיב׃,436B
,437A
כִּי֩ הָמָ֨ן 'אאא' בֶּֽן־הַמְּדָ֜תָא הָֽאֲגָגִ֗י צֹרֵר֙ כָּל־הַיְּהוּדִ֔ים חָשַׁ֥ב עַל־הַיְּהוּדִ֖ים לְאַבְּדָ֑ם וְהִפִּ֥יל פּוּר֙ ה֣וּא הַגּוֹרָ֔ל לְהֻמָּ֖ם וּֽלְאַבְּדָֽם׃,437B
,437B
וַיְמַן֩ לָהֶ֨ם הַמֶּ֜לֶךְ 'אאא' דְּבַר־י֣וֹם בְּיוֹמ֗וֹ מִפַּת־בַּ֤ג הַמֶּ֙לֶךְ֙ וּמִיֵּ֣ין מִשְׁתָּ֔יו וּֽלְגַדְּלָ֖ם שָׁנִ֣ים שָׁל֑וֹשׁ וּמִ֨קְצָתָ֔ם יַֽעַמְד֖וּ לִפְנֵ֥י הַמֶּֽלֶךְ׃,438A
עָנֵ֤ה מַלְכָּא֙ וְאָמַ֣ר לְכַשְׂדָּאֵ֔י 'אאא' מִלְּתָ֖א מִנִּ֣י אַזְדָּ֑א הֵ֣ן לָ֤א תְהֽוֹדְעוּנַּ֙נִי֙ חֶלְמָ֣א וּפִשְׁרֵ֔הּ הַדָּמִין֙ תִּתְעַבְד֔וּן וּבָתֵּיכ֖וֹן נְוָלִ֥י יִתְּשָׂמֽוּן׃,438B
כָּל־ 'אאא' קֳבֵ֣ל דְּנָ֗ה דָּֽנִיֵּאל֙ עַ֣ל עַל־אַרְי֔וֹךְ דִּ֚י מַנִּ֣י מַלְכָּ֔א לְהוֹבָדָ֖ה לְחַכִּימֵ֣י בָבֶ֑ל אֲזַ֣ל ׀ וְכֵ֣ן אֲמַר־לֵ֗הּ לְחַכִּימֵ֤י בָבֶל֙ אַל־תְּהוֹבֵ֔ד הַעֵ֙לְנִי֙ קֳדָ֣ם מַלְכָּ֔א וּפִשְׁרָ֖א לְמַלְכָּ֥א אֲחַוֵּֽא׃,439A
וְדִֽי־חֲזַ֜יְתָה רַגְלַיָּ֣א וְאֶצְבְּעָתָ֗א מִנְּהֵ֞ן 'אאא' חֲסַ֤ף דִּֽי־פֶחָר֙ וּמִנְּהֵ֣ין פַּרְזֶ֔ל מַלְכ֤וּ פְלִיגָה֙ תֶּהֱוֵ֔ה וּמִן־נִצְבְּתָ֥א דִ֥י פַרְזְלָ֖א לֶֽהֱוֵא־בַ֑הּ כָּל־קֳבֵל֙ דִּ֣י חֲזַ֔יְתָה פַּ֨רְזְלָ֔א מְעָרַ֖ב בַּחֲסַ֥ף טִינָֽא׃,439B
וּמַן־דִּי־לָ֥א יִפֵּ֖ל וְיִסְגֻּ֑ד בַּהּ־שַׁעֲתָ֣א יִתְרְמֵ֔א לְגֽוֹא־אַתּ֥וּן 'אאא' נוּרָ֖א יָקִֽדְתָּֽא׃,440A
כָּל־קֳבֵ֣ל דְּנָ֗ה מִן־דִּ֞י מִלַּ֤ת 'אאא' מַלְכָּא֙ מַחְצְפָ֔ה וְאַתּוּנָ֖א אֵזֵ֣ה יַתִּ֑ירָא גֻּבְרַיָּ֣א אִלֵּ֗ךְ דִּ֤י הַסִּ֙קוּ֙ לְשַׁדְרַ֤ךְ מֵישַׁךְ֙ וַעֲבֵ֣ד נְג֔וֹ קַטִּ֣ל הִמּ֔וֹן שְׁבִיבָ֖א דִּ֥י נוּרָֽא׃,440B
וְעַ֣ד אָחֳרֵ֡ין עַל֩ קָֽדָמַ֨י דָּנִיֵּ֜אל דִּֽי־ 'אאא' שְׁמֵ֤הּ בֵּלְטְשַׁאצַּר֙ כְּשֻׁ֣ם אֱלָהִ֔י וְדִ֛י רֽוּחַ־אֱלָהִ֥ין קַדִּישִׁ֖ין בֵּ֑הּ וְחֶלְמָ֖א קָֽדָמ֥וֹהִי אַמְרֵֽת׃,441A
וְלָ֣ךְ טָֽרְדִ֣ין מִן־אֲנָשָׁ֡א וְעִם־חֵיוַ֣ת בָּרָא֩ לֶהֱוֵ֨ה מְדֹרָ֜ךְ וְעִשְׂבָּ֥א כְתוֹרִ֣ין ׀ לָ֣ךְ יְטַֽעֲמ֗וּן וּמִטַּ֤ל שְׁמַיָּא֙ לָ֣ךְ מְצַבְּעִ֔ין 'אאא' וְשִׁבְעָ֥ה עִדָּנִ֖ין יַחְלְפ֣וּן עֲלָ֑יךְ עַ֣ד דִּֽי־תִנְדַּ֗ע דִּֽי־שַׁלִּ֤יט עִלָּיָא֙ בְּמַלְכ֣וּת אֲנָשָׁ֔א וּלְמַן־דִּ֥י יִצְבֵּ֖א יִתְּנִנַּֽהּ׃,441B
בַּהּ־שַׁעֲתָ֗ה נְפַ֙קָה֙ אֶצְבְּעָן֙ דִּ֣י יַד־אֱנָ֔שׁ וְכָֽתְבָן֙ לָקֳבֵ֣ל נֶבְרַשְׁתָּ֔א עַל־גִּירָ֕א דִּֽי־כְתַ֥ל הֵיכְלָ֖א דִּ֣י מַלְכָּ֑א 'אאא' וּמַלְכָּ֣א חָזֵ֔ה פַּ֥ס יְדָ֖ה דִּ֥י כָתְבָֽה׃,442A
וּכְדִי֙ רִ֣ם לִבְבֵ֔הּ וְרוּחֵ֖הּ תִּֽקְפַ֣ת לַהֲזָדָ֑ה הָנְחַת֙ מִן־כָּרְסֵ֣א 'אאא' מַלְכוּתֵ֔הּ וִֽיקָרָ֖ה הֶעְדִּ֥יו מִנֵּֽהּ׃,442B
אִתְיָעַ֜טוּ כֹּ֣ל ׀ סָרְכֵ֣י מַלְכוּתָ֗א סִגְנַיָּ֤א וֽ͏ַאֲחַשְׁדַּרְפְּנַיָּא֙ הַדָּֽבְרַיָּ֣א וּפַחֲוָתָ֔א לְקַיָּמָ֤ה קְיָם֙ מַלְכָּ֔א וּלְתַקָּפָ֖ה אֱסָ֑ר דִּ֣י כָל־דִּֽי־יִבְעֵ֣ה בָ֠עוּ מִן־כָּל־אֱלָ֨הּ וֶֽאֱנָ֜שׁ עַד־יוֹמִ֣ין 'אאא' תְּלָתִ֗ין לָהֵן֙ מִנָּ֣ךְ מַלְכָּ֔א יִתְרְמֵ֕א לְגֹ֖ב אַרְיָוָתָֽא׃,443A
וַאֲמַ֣ר מַלְכָּ֗א וְהַיְתִ֞יו גֻּבְרַיָּ֤א אִלֵּךְ֙ 'אאא' דִּֽי־אֲכַ֤לוּ קַרְצ֙וֹהִי֙ דִּ֣י דָֽנִיֵּ֔אל וּלְגֹ֤ב אַרְיָוָתָא֙ רְמ֔וֹ אִנּ֖וּן בְּנֵיה֣וֹן וּנְשֵׁיה֑וֹן וְלָֽא־מְט֞וֹ לְאַרְעִ֣ית גֻּבָּ֗א עַ֠ד דִּֽי־שְׁלִ֤טֽוּ בְהוֹן֙ אַרְיָ֣וָתָ֔א וְכָל־גַּרְמֵיה֖וֹן הַדִּֽקוּ׃,443B
וּשְׁאָר֙ חֵֽיוָתָ֔א הֶעְדִּ֖יו שָׁלְטָנְה֑וֹן 'אאא' וְאַרְכָ֧ה בְחַיִּ֛ין יְהִ֥יבַת לְה֖וֹן עַד־זְמַ֥ן וְעִדָּֽן׃,444A
רָאִ֣יתִי אֶת־הָאַ֡יִל 'אאא' מְנַגֵּחַ֩ יָ֨מָּה וְצָפ֜וֹנָה וָנֶ֗גְבָּה וְכָל־חַיּוֹת֙ לֹֽא־יַֽעַמְד֣וּ לְפָנָ֔יו וְאֵ֥ין מַצִּ֖יל מִיָּד֑וֹ וְעָשָׂ֥ה כִרְצֹנ֖וֹ וְהִגְדִּֽיל׃,444B
וַאֲנִ֣י דָנִיֵּ֗אל נִהְיֵ֤יתִי וְנֽ͏ֶחֱלֵ֙יתִי֙ יָמִ֔ים וָאָק֕וּם וָאֶֽעֱשֶׂ֖ה אֶת־מְלֶ֣אכֶת הַמֶּ֑לֶךְ 'אאא' וָאֶשְׁתּוֹמֵ֥ם עַל־הַמַּרְאֶ֖ה וְאֵ֥ין מֵבִֽין׃,445A
אֲדֹנָ֤י ׀ שְׁמָ֙עָה֙ אֲדֹנָ֣י ׀ סְלָ֔חָה אֲדֹנָ֛י הַֽקֲשִׁ֥יבָה וַעֲשֵׂ֖ה אַל־תְּאַחַ֑ר לְמַֽעֲנְךָ֣ אֱלֹהַ֔י כִּֽי־שִׁמְךָ֣ 'אאא' נִקְרָ֔א עַל־עִירְךָ֖ וְעַל־עַמֶּֽךָ׃,445B
וַיֹּ֣אמֶר אֵלַ֡י דָּנִיֵּ֣אל אִישׁ־חֲ֠מֻדוֹת הָבֵ֨ן בַּדְּבָרִ֜ים אֲשֶׁר֩ אָנֹכִ֨י דֹבֵ֤ר אֵלֶ֙יךָ֙ וַעֲמֹ֣ד עַל־עָמְדֶ֔ךָ כִּ֥י עַתָּ֖ה שֻׁלַּ֣חְתִּי 'אאא' אֵלֶ֑יךָ וּבְדַבְּר֥וֹ עִמִּ֛י אֶת־הַדָּבָ֥ר הַזֶּ֖ה עָמַ֥דְתִּי מַרְעִֽיד׃,446A
וְנִשָּׂ֥א הֶהָמ֖וֹן וְרָ֣ם לְבָב֑וֹ וְהִפִּ֛יל 'אאא' רִבֹּא֖וֹת וְלֹ֥א יָעֽוֹז׃,446B
וְעָשָׂ֨ה כִרְצוֹנ֜וֹ הַמֶּ֗לֶךְ וְיִתְרוֹמֵ֤ם וְיִתְגַּדֵּל֙ עַל־כָּל־אֵ֔ל וְעַל֙ אֵ֣ל אֵלִ֔ים יְדַבֵּ֖ר נִפְלָא֑וֹת וְהִצְלִ֙יחַ֙ עַד־ 'אאא' כָּ֣לָה זַ֔עַם כִּ֥י נֶחֱרָצָ֖ה נֶעֱשָֽׂתָה׃,447A
,447B
,448A
בְּנֵי־קֵרֹ֥ס בְּֽנֵי־סִֽיעֲהָ֖א בְּנֵ֥י 'אאא' פָדֽוֹן׃,448B
כְּכֹחָ֗ם נָתְנוּ֮ לְאוֹצַ֣ר הַמְּלָאכָה֒ זָהָ֗ב דַּרְכְּמוֹנִים֙ שֵׁשׁ־רִבֹּ֣אות וָאֶ֔לֶף 'אאא' וְכֶ֕סֶף מָנִ֖ים חֲמֵ֣שֶׁת אֲלָפִ֑ים וְכָתְנֹ֥ת כֹּהֲנִ֖ים מֵאָֽה׃,449A
וַיִּגְּשׁ֨וּ 'אאא' אֶל־זְרֻבָּבֶ֜ל וְאֶל־רָאשֵׁ֣י הֽ͏ָאָב֗וֹת וַיֹּאמְר֤וּ לָהֶם֙ נִבְנֶ֣ה עִמָּכֶ֔ם כִּ֣י כָכֶ֔ם נִדְר֖וֹשׁ לֽ͏ֵאלֹהֵיכֶ֑ם וְל֣וֹ ׀ אֲנַ֣חְנוּ זֹבְחִ֗ים מִימֵי֙ אֵסַ֤ר חַדֹּן֙ מֶ֣לֶךְ אַשּׁ֔וּר הַמַּעֲלֶ֥ה אֹתָ֖נוּ פֹּֽה׃,449B
נִשְׁתְּוָנָ֕א דִּ֥י שְׁלַחְתּ֖וּן עֲלֶ֑ינָא מְפָרַ֥שׁ 'אאא' קֱרִ֖י קָדָמָֽי׃,450A
לָהֵ֗ן מִן־ 'אאא' דִּ֨י הַרְגִּ֤זוּ אֲבָהֳתַ֙נָא֙ לֶאֱלָ֣הּ שְׁמַיָּ֔א יְהַ֣ב הִמּ֔וֹ בְּיַ֛ד נְבוּכַדְנֶצַּ֥ר מֶֽלֶךְ־בָּבֶ֖ל כַּסְדָּאָ֑ה וּבַיְתָ֤ה דְנָה֙ סַתְרֵ֔הּ וְעַמָּ֖ה הַגְלִ֥י לְבָבֶֽל׃,450B
דִּֽי־לֶהֱוֺ֧ן מְהַקְרְבִ֛ין 'אאא' נִיחוֹחִ֖ין לֶאֱלָ֣הּ שְׁמַיָּ֑א וּמְצַלַּ֕יִן לְחַיֵּ֥י מַלְכָּ֖א וּבְנֽוֹהִי׃,451A
וַיַּֽעֲל֣וּ מִבְּנֵֽי־יִ֠שְׂרָאֵל וּמִן־הַכֹּהֲנִ֨ים וְהַלְוִיִּ֜ם וְהַמְשֹׁרְרִ֧ים וְהַשֹּׁעֲרִ֛ים וְהַנְּתִינִ֖ים אֶל־יְרוּשָׁלָ֑͏ִם בִּשְׁנַת־שֶׁ֖בַע 'אאא' לְאַרְתַּחְשַׁ֥סְתְּא הַמֶּֽלֶךְ׃,451B
וְכָל־דִּי־לָא֩ לֶהֱוֵ֨א עָבֵ֜ד דָּתָ֣א דִֽי־ 'אאא' אֱלָהָ֗ךְ וְדָתָא֙ דִּ֣י מַלְכָּ֔א אָסְפַּ֕רְנָא דִּינָ֕ה לֶהֱוֵ֥א מִתְעֲבֵ֖ד מִנֵּ֑הּ הֵ֤ן לְמוֹת֙ הֵ֣ן לִשְׁרֹשִׁ֔י הֵן־לַעֲנָ֥שׁ נִכְסִ֖ין וְלֶאֱסוּרִֽין׃,452A
וּמִן־הַנְּתִינִ֗ים שֶׁנָּתַ֨ן דָּוִ֤יד וְהַשָּׂרִים֙ לַעֲבֹדַ֣ת הַלְוִיִּ֔ם נְתִינִ֖ים מָאתַ֣יִם 'אאא' וְעֶשְׂרִ֑ים כֻּלָּ֖ם נִקְּב֥וּ בְשֵׁמֽוֹת׃,452B
,453A
וְעַתָּ֣ה נִֽכְרָת־בְּרִ֣ית 'אאא' לֵ֠אלֹהֵינוּ לְהוֹצִ֨יא כָל־נָשִׁ֜ים וְהַנּוֹלָ֤ד מֵהֶם֙ בַּעֲצַ֣ת אֲדֹנָ֔י וְהַחֲרֵדִ֖ים בְּמִצְוַ֣ת אֱלֹהֵ֑ינוּ וְכַתּוֹרָ֖ה יֵעָשֶֽׂה׃,453B
,454A
,454A
וְשַׁבְתֶּ֣ם אֵלַ֔י וּשְׁמַרְתֶּם֙ מִצְוֺתַ֔י וַעֲשִׂיתֶ֖ם אֹתָ֑ם אִם־יִהְיֶ֨ה נִֽדַּחֲכֶ֜ם בִּקְצֵ֤ה הַשָּׁמַ֙יִם֙ 'אאא' מִשָּׁ֣ם אֲקַבְּצֵ֔ם וַהֲבִֽיאוֹתִים֙ אֶל־הַמָּק֔וֹם אֲשֶׁ֣ר בָּחַ֔רְתִּי לְשַׁכֵּ֥ן אֶת־שְׁמִ֖י שָֽׁם׃,454B
וְהַסְּגָנִ֗ים לֹ֤א יָדְעוּ֙ אָ֣נָה הָלַ֔כְתִּי וּמָ֖ה אֲנִ֣י עֹשֶׂ֑ה וְלַיְּהוּדִ֨ים 'אאא' וְלַכֹּהֲנִ֜ים וְלַחֹרִ֣ים וְלַסְּגָנִ֗ים וּלְיֶ֙תֶר֙ עֹשֵׂ֣ה הַמְּלָאכָ֔ה עַד־כֵּ֖ן לֹ֥א הִגַּֽדְתִּי׃,455A
וְאֵ֣ת ׀ שַׁ֣עַר הָאַשְׁפּ֗וֹת הֶחֱזִיק֙ מַלְכִּיָּ֣ה בֶן־רֵכָ֔ב שַׂ֖ר פֶּ֣לֶךְ בֵּית־הַכָּ֑רֶם ה֣וּא יִבְנֶ֔נּוּ וְיַעֲמִיד֙ 'אאא' דַּלְתֹתָ֔יו מַנְעֻלָ֖יו וּבְרִיחָֽיו׃,455B
וַיֹּ֣אמֶר ׀ לִפְנֵ֣י אֶחָ֗יו וְחֵיל֙ שֹֽׁמְר֔וֹן וַיֹּ֕אמֶר מָ֛ה הַיְּהוּדִ֥ים הָאֲמֵלָלִ֖ים עֹשִׂ֑ים הֲיַעַזְב֨וּ לָהֶ֤ם הֲיִזְבָּ֙חוּ֙ הַיְכַלּ֣וּ בַיּ֔וֹם הַיְחַיּ֧וּ אֶת־הָאֲבָנִ֛ים 'אאא' מֵעֲרֵמ֥וֹת הֶעָפָ֖ר וְהֵ֥מָּה שְׂרוּפֽוֹת׃,456A
גַּ֣ם בָּעֵ֤ת הַהִיא֙ אָמַ֣רְתִּי לָעָ֔ם אִ֣ישׁ וְנַעֲר֔וֹ יָלִ֖ינוּ בְּת֣וֹךְ 'אאא' יְרוּשָׁלָ֑͏ִם וְהָֽיוּ־לָ֧נוּ הַלַּ֛יְלָה מִשְׁמָ֖ר וְהַיּ֥וֹם מְלָאכָֽה׃,456B
,457A
וַיְהִ֗י כַּאֲשֶׁ֤ר שָֽׁמְעוּ֙ כָּל־א֣וֹיְבֵ֔ינוּ וַיִּֽרְא֗וּ כָּל־הַגּוֹיִם֙ 'אאא' אֲשֶׁ֣ר סְבִֽיבֹתֵ֔ינוּ וַיִּפְּל֥וּ מְאֹ֖ד בְּעֵינֵיהֶ֑ם וַיֵּ֣דְע֔וּ כִּ֚י מֵאֵ֣ת אֱלֹהֵ֔ינוּ נֶעֶשְׂתָ֖ה הַמְּלָאכָ֥ה הַזֹּֽאת׃,457B
,458A
וַיֹּ֤אמֶר 'אאא' הַתִּרְשָׁ֙תָא֙ לָהֶ֔ם אֲשֶׁ֥ר לֹא־יֹאכְל֖וּ מִקֹּ֣דֶשׁ הַקֳּדָשִׁ֑ים עַ֛ד עֲמֹ֥ד הַכֹּהֵ֖ן לְאוּרִ֥ים וְתוּמִּֽים׃,458B
וַיֹּ֣אמֶר נְחֶמְיָ֣ה ה֣וּא הַתִּרְשָׁ֡תָא וְעֶזְרָ֣א הַכֹּהֵ֣ן ׀ הַסֹּפֵ֡ר וְהַלְוִיִּם֩ הַמְּבִינִ֨ים אֶת־הָעָ֜ם לְכָל־הָעָ֗ם הַיּ֤וֹם קָדֹֽשׁ־הוּא֙ לַיהוָ֣ה אֱלֹהֵיכֶ֔ם אַל־תִּֽתְאַבְּל֖וּ וְאַל־תִּבְכּ֑וּ כִּ֤י 'אאא' בוֹכִים֙ כָּל־הָעָ֔ם כְּשָׁמְעָ֖ם אֶת־דִּבְרֵ֥י הַתּוֹרָֽה׃,459A
וּמָצָ֣אתָ אֶת־לְבָבוֹ֮ 'אאא' נֶאֱמָ֣ן לְפָנֶיךָ֒ וְכָר֨וֹת עִמּ֜וֹ הַבְּרִ֗ית לָתֵ֡ת אֶת־אֶרֶץ֩ הַכְּנַעֲנִ֨י הַחִתִּ֜י הָאֱמֹרִ֧י וְהַפְּרִזִּ֛י וְהַיְבוּסִ֥י וְהַגִּרְגָּשִׁ֖י לָתֵ֣ת לְזַרְע֑וֹ וַתָּ֙קֶם֙ אֶת־דְּבָרֶ֔יךָ כִּ֥י צַדִּ֖יק אָֽתָּה׃,459B
וַֽיִּלְכְּד֞וּ עָרִ֣ים בְּצֻרוֹת֮ וַאֲדָמָ֣ה שְׁמֵנָה֒ וַיִּֽירְשׁ֡וּ בָּתִּ֣ים מְלֵֽאִים־כָּל־ט֠וּב בֹּר֨וֹת חֲצוּבִ֜ים כְּרָמִ֧ים וְזֵיתִ֛ים וְעֵ֥ץ מַאֲכָ֖ל לָרֹ֑ב וַיֹּאכְל֤וּ וַֽיִּשְׂבְּעוּ֙ וַיַּשְׁמִ֔ינוּ 'אאא' וַיִּֽתְעַדְּנ֖וּ בְּטוּבְךָ֥ הַגָּדֽוֹל׃,460A
אָטֵ֥ר חִזְקִיָּ֖ה 'אאא' עַזּֽוּר׃,460B
וַיֵּשְׁב֥וּ שָׂרֵֽי־הָעָ֖ם בִּירוּשָׁלָ֑͏ִם וּשְׁאָ֣ר הָ֠עָם הִפִּ֨ילוּ גוֹרָל֜וֹת לְהָבִ֣יא ׀ אֶחָ֣ד מִן־הָעֲשָׂרָ֗ה 'אאא' לָשֶׁ֙בֶת֙ בִּֽירוּשָׁלִַ֙ם֙ עִ֣יר הַקֹּ֔דֶשׁ וְתֵ֥שַׁע הַיָּד֖וֹת בֶּעָרִֽים׃,461A
וּפְתַֽחְיָ֨ה 'אאא' בֶּן־מְשֵֽׁיזַבְאֵ֜ל מִבְּנֵי־זֶ֤רַח בֶּן־יְהוּדָה֙ לְיַ֣ד הַמֶּ֔לֶךְ לְכָל־דָּבָ֖ר לָעָֽם׃,461B
אֵ֕לֶּה בִּימֵ֛י יוֹיָקִ֥ים בֶּן־יֵשׁ֖וּעַ בֶּן־יוֹצָדָ֑ק וּבִימֵי֙ נְחֶמְיָ֣ה הַפֶּחָ֔ה וְעֶזְרָ֥א הַכֹּהֵ֖ן 'אאא' הַסּוֹפֵֽר׃,462A
וְכָל־יִשְׂרָאֵל֩ בִּימֵ֨י זְרֻבָּבֶ֜ל וּבִימֵ֣י נְחֶמְיָ֗ה נֹֽתְנִ֛ים מְנָי֛וֹת הַמְשֹׁרְרִ֥ים וְהַשֹּׁעֲרִ֖ים דְּבַר־ 'אאא' י֣וֹם בְּיוֹמ֑וֹ וּמַקְדִּשִׁים֙ לַלְוִיִּ֔ם וְהַלְוִיִּ֔ם מַקְדִּשִׁ֖ים לִבְנֵ֥י אַהֲרֹֽן׃,462B
וַיְהִ֡י כַּאֲשֶׁ֣ר צָֽלֲלוּ֩ שַׁעֲרֵ֨י יְרוּשָׁלִַ֜ם לִפְנֵ֣י הַשַׁבָּ֗ת וָאֹֽמְרָה֙ וַיִּסָּגְר֣וּ הַדְּלָת֔וֹת וָאֹ֣מְרָ֔ה אֲשֶׁר֙ לֹ֣א יִפְתָּח֔וּם עַ֖ד אַחַ֣ר הַשַּׁבָּ֑ת וּמִנְּעָרַ֗י הֽ͏ֶעֱמַ֙דְתִּי֙ 'אאא' עַל־הַשְּׁעָרִ֔ים לֹא־יָב֥וֹא מַשָּׂ֖א בְּי֥וֹם הַשַבָּֽת׃,463A
